,Ranking,Score
2,1,0.34790040876997397
0,2,0.34148395887526317
1,3,0.31061563235476275
