,Ranking,Score
0,1,0.35830052442583626
1,2,0.33542486889354095
2,3,0.3062746066806229
